證期會代碼,公司中文全稱,年月,收盤價(元)_月
1101,台灣水泥                      ,201712,36.45
1102,亞洲水泥                      ,201712,28.2
1103,嘉新水泥                      ,201712,13.35
1104,環球水泥                      ,201712,22.95
1108,幸福水泥                      ,201712,8.37
1109,信大水泥                      ,201712,13.1
1110,東南水泥                      ,201712,14.75
1201,味全食品工業                  ,201712,21.15
1203,味王                          ,201712,25.2
1210,大成長城企業                  ,201712,33.55
1213,大西洋飲料                    ,201712,15.6
1215,台灣卜蜂企業                  ,201712,64.2
1216,統一企業                      ,201712,66
1217,愛之味                        ,201712,7.49
1218,泰山企業                      ,201712,16.9
1219,福壽實業                      ,201712,17.85
1220,台榮產業                      ,201712,10.4
1225,福懋油脂                      ,201712,66.5
1227,佳格食品                      ,201712,74
1229,聯華實業                      ,201712,36.6
1231,聯華食品工業                  ,201712,33.9
1232,大統益                        ,201712,90.2
1233,天仁茶業                      ,201712,36.05
1234,黑松                          ,201712,31.45
1235,興泰實業                      ,201712,37.45
1236,宏亞食品                      ,201712,17.4
1301,台灣塑膠工業                  ,201712,98.7
1303,南亞塑膠工業                  ,201712,77.9
1304,台灣聚合化學品                ,201712,16.4
1305,華夏海灣塑膠                  ,201712,32.4
1307,三芳化學工業                  ,201712,33.9
1308,亞洲聚合                      ,201712,19.3
1309,台達化學工業                  ,201712,15.2
1310,台灣苯乙烯工業                ,201712,22.7
1312,國喬石油化學                  ,201712,31.45
1313,聯成化學科技                  ,201712,18.8
1314,中國石油化學工業開發          ,201712,15.35
1315,達新工業                      ,201712,25.6
1316,上曜建設開發                  ,201712,24.55
1319,東陽實業廠                    ,201712,57.6
1321,大洋塑膠工業                  ,201712,29.3
1323,永裕塑膠工業                  ,201712,38.6
1324,地球綜合工業                  ,201712,12.5
1325,恒大                          ,201712,19.45
1326,台灣化學纖維                  ,201712,103
1337,亞洲塑膠再生資源控股          ,201712,12.55
1338,廣華控股                      ,201712,114.5
1339,昭輝實業                      ,201712,42.3
1402,遠東新世紀                    ,201712,26.8
1409,新光合成纖維                  ,201712,10.05
1410,南洋染整                      ,201712,23.45
1413,宏洲纖維工業                  ,201712,9.09
1414,東和紡織                      ,201712,7.38
1416,廣豐實業                      ,201712,16.65
1417,嘉裕                          ,201712,4.71
1418,東華合纖                      ,201712,7.95
1419,新光紡織                      ,201712,45.1
1423,利華羊毛工業                  ,201712,8.38
1432,大魯閣實業                    ,201712,14.05
1434,福懋興業                      ,201712,31.3
1435,中福國際                      ,201712,5.36
1436,華友聯開發                    ,201712,40.2
1437,勤益投資控股                  ,201712,17.55
1438,裕豐國際開發                  ,201712,5.4
1439,中和羊毛工業                  ,201712,20.65
1440,台南紡織                      ,201712,13.6
1441,大東紡織                      ,201712,6.96
1442,名軒開發                      ,201712,18.7
1443,立益紡織                      ,201712,5.1
1444,力麗企業                      ,201712,11.7
1445,大宇紡織                      ,201712,8.35
1446,宏和精密紡織                  ,201712,21.4
1447,力鵬企業                      ,201712,9.12
1449,佳和實業                      ,201712,5.45
1451,年興紡織                      ,201712,27.6
1452,宏益纖維工業                  ,201712,22.2
1453,大將開發                      ,201712,10.1
1454,台灣富綢纖維                  ,201712,8.48
1455,集盛實業                      ,201712,12.8
1456,怡華實業                      ,201712,10.35
1457,宜進實業                      ,201712,14.1
1459,聯發紡織纖維                  ,201712,10.3
1460,宏遠興業                      ,201712,14.15
1463,強盛染整                      ,201712,24.4
1464,得力實業                      ,201712,25.2
1465,偉全實業                      ,201712,15.2
1466,聚隆纖維                      ,201712,12.1
1467,南緯實業                      ,201712,11.55
1468,昶和纖維興業                  ,201712,10.25
1469,理隆纖維工業                  ,201712,14.35
1470,大統精密染整                  ,201712,17.75
1471,首利實業                      ,201712,5
1472,三洋紡織纖維                  ,201712,42.4
1473,台南企業                      ,201712,23.85
1474,弘裕企業                      ,201712,11.4
1475,本盟光電                      ,201712,50
1476,儒鴻企業                      ,201712,297.5
1477,聚陽實業                      ,201712,125
1503,士林電機廠                    ,201712,41.3
1504,東元電機                      ,201712,28.5
1506,正道工業                      ,201712,21.15
1507,永大機電工業                  ,201712,48.05
1512,瑞利企業                      ,201712,12.4
1513,中興電工機械                  ,201712,22.25
1514,亞力電機                      ,201712,11.85
1515,力山工業                      ,201712,51.8
1516,川飛能源                      ,201712,14.9
1517,利奇機械工業                  ,201712,11.65
1519,華城電機                      ,201712,20.85
1521,大億交通工業製造              ,201712,79
1522,堤維西交通工業                ,201712,33.2
1524,耿鼎企業                      ,201712,11.85
1525,江申工業                      ,201712,92.3
1526,日馳企業                      ,201712,64.3
1527,鑽全實業                      ,201712,66.7
1528,恩德科技                      ,201712,14.7
1529,樂士                          ,201712,3.27
1530,亞崴機電                      ,201712,31.9
1531,高林                          ,201712,23.4
1532,勤美                          ,201712,28.4
1533,車王電子                      ,201712,41.15
1535,中宇環保工程                  ,201712,42.7
1536,和大工業                      ,201712,147
1537,廣隆光電科技                  ,201712,143.5
1538,正峰新能源                    ,201712,5.05
1539,巨庭機械                      ,201712,20.05
1540,喬福機械工業                  ,201712,15.75
1541,錩泰工業                      ,201712,47.6
1560,中國砂輪企業                  ,201712,87
1582,信錦企業                      ,201712,63.5
1583,程泰機械                      ,201712,63
1589,永冠能源科技集團              ,201712,63.8
1590,亞德客國際集團                ,201712,535
1603,中華電線電纜                  ,201712,28.6
1604,聲寶                          ,201712,13.2
1605,華新麗華                      ,201712,17.6
1608,華榮電線電纜                  ,201712,11.75
1609,大亞電線電纜                  ,201712,13.9
1611,中國電器                      ,201712,9.97
1612,宏泰電工                      ,201712,11
1614,台灣三洋電機                  ,201712,22.85
1615,大山電線電纜                  ,201712,15.85
1616,億泰電線電纜                  ,201712,6.1
1617,榮星電線工業                  ,201712,15.8
1618,合機電線電纜                  ,201712,9.26
1626,艾美特 (開曼) 國際            ,201712,24
1701,中國化學製藥                  ,201712,18.65
1702,南僑投資控股                  ,201712,63.7
1704,李長榮化學工業                ,201712,48.5
1707,葡萄王生技                    ,201712,208
1708,東鹼                          ,201712,29.65
1709,和益化學工業                  ,201712,18.15
1710,東聯化學                      ,201712,31.65
1711,臺灣永光化學工業              ,201712,18.95
1712,興農                          ,201712,16.9
1713,國泰化工廠                    ,201712,16.9
1714,和桐化學                      ,201712,10.2
1717,長興材料工業                  ,201712,30.8
1718,中國人造纖維                  ,201712,10.15
1720,生達化學製藥                  ,201712,35.9
1721,三晃                          ,201712,14.15
1722,台灣肥料                      ,201712,38.35
1723,中鋼碳素化學                  ,201712,127.5
1724,台硝                          ,201712,14.2
1725,元禎企業                      ,201712,15.25
1726,永記造漆工業                  ,201712,81
1727,臺灣中華化學工業              ,201712,16.7
1730,花仙子企業                    ,201712,40.85
1731,美吾華                        ,201712,13.9
1732,毛寶                          ,201712,12.45
1733,五鼎生物技術                  ,201712,31.9
1734,杏輝藥品工業                  ,201712,21.65
1735,日勝化工                      ,201712,19.25
1736,喬山健康科技                  ,201712,35.75
1737,臺鹽實業                      ,201712,27.9
1762,中化合成生技                  ,201712,24.4
1773,勝一化工                      ,201712,78.9
1789,台灣神隆                      ,201712,35.45
1802,台灣玻璃工業                  ,201712,22.35
1805,寶徠建設                      ,201712,13.2
1806,冠軍建材                      ,201712,8.36
1808,潤隆建設                      ,201712,43
1809,中國製釉                      ,201712,12.55
1810,和成欣業                      ,201712,9.88
1902,台灣紙業                      ,201712,19.1
1903,士林紙業                      ,201712,32.65
1904,正隆                          ,201712,16.3
1905,中華紙漿                      ,201712,11.7
1906,寶隆國際                      ,201712,29.25
1907,永豐餘投資控股                ,201712,13.95
1909,榮成紙業                      ,201712,41.85
2002,中國鋼鐵                      ,201712,24.75
2006,東和鋼鐵企業                  ,201712,25.8
2007,燁興企業                      ,201712,5.06
2008,高興昌鋼鐵                    ,201712,11.45
2009,第一伸銅科技                  ,201712,13.85
2010,春源鋼鐵工業                  ,201712,11.45
2012,春雨工廠                      ,201712,14.35
2013,中國鋼鐵結構                  ,201712,19.65
2014,中鴻鋼鐵                      ,201712,12.4
2015,豐興鋼鐵                      ,201712,55.7
2017,官田鋼鐵                      ,201712,10
2020,美亞鋼管廠                    ,201712,14
2022,聚亨企業                      ,201712,6.43
2023,燁輝企業                      ,201712,12.2
2024,志聯工業                      ,201712,10.35
2025,千興不銹鋼                    ,201712,2.74
2027,大成不銹鋼工業                ,201712,21.4
2028,威致鋼鐵工業                  ,201712,9.7
2029,盛餘                          ,201712,28.75
2030,彰源企業                      ,201712,15.8
2031,新光鋼鐵                      ,201712,28
2032,新鋼工業                      ,201712,10
2033,佳大世界                      ,201712,9.15
2034,允強實業                      ,201712,26.75
2038,海光企業                      ,201712,8.5
2049,上銀科技                      ,201712,322
2059,川湖科技                      ,201712,400.5
2062,橋椿金屬                      ,201712,37.15
2101,南港輪胎                      ,201712,26.7
2102,泰豐輪胎                      ,201712,13.55
2103,台橡                          ,201712,37.25
2104,中國合成橡膠                  ,201712,43.85
2105,正新橡膠工業                  ,201712,52.5
2106,建大工業                      ,201712,37.55
2107,厚生                          ,201712,16.25
2108,南帝化學工業                  ,201712,23.5
2109,華豐橡膠工業                  ,201712,12.6
2114,鑫永銓                        ,201712,88
2201,裕隆汽車製造                  ,201712,24.15
2204,中華汽車工業                  ,201712,26
2206,三陽工業                      ,201712,21.4
2207,和泰汽車                      ,201712,354
2208,台灣國際造船                  ,201712,11.3
2227,裕隆日產汽車                  ,201712,266.5
2231,為升電裝工業                  ,201712,274
2301,光寶科技                      ,201712,40.6
2302,麗正國際科技                  ,201712,6.05
2303,聯華電子                      ,201712,14.2
2305,全友電腦                      ,201712,9.99
2308,台達電子工業                  ,201712,143.5
2311,日月光半導體製造              ,201712,38.15
2312,金寶電子工業                  ,201712,10.55
2313,華通電腦                      ,201712,38.4
2314,台揚科技                      ,201712,30.05
2316,楠梓電子                      ,201712,18.8
2317,鴻海精密工業                  ,201712,95.2
2321,東訊                          ,201712,3.37
2323,中環                          ,201712,4.25
2324,仁寶電腦工業                  ,201712,21.3
2325,矽品精密工業                  ,201712,50.3
2327,國巨                          ,201712,353
2328,廣宇科技                      ,201712,25.35
2329,華泰電子                      ,201712,9.45
2330,台灣積體電路製造              ,201712,229.5
2331,精英電腦                      ,201712,19.85
2332,友訊科技                      ,201712,10.6
2337,旺宏電子                      ,201712,44.2
2338,台灣光罩                      ,201712,18
2340,光磊科技                      ,201712,21.4
2342,台灣茂矽電子                  ,201712,17.95
2344,華邦電子                      ,201712,23.45
2345,智邦科技                      ,201712,106
2347,聯強國際                      ,201712,40.55
2348,海悅國際開發                  ,201712,26.7
2349,錸德科技                      ,201712,4.66
2351,順德工業                      ,201712,85.9
2352,佳世達科技                    ,201712,21.15
2353,宏碁                          ,201712,24.15
2354,鴻準精密工業                  ,201712,85.2
2355,敬鵬工業                      ,201712,58.1
2356,英業達                        ,201712,23.75
2357,華碩電腦                      ,201712,279.5
2358,廷鑫興業                      ,201712,23.6
2359,所羅門                        ,201712,23.15
2360,致茂電子                      ,201712,162
2362,藍天電腦                      ,201712,29
2363,矽統科技                      ,201712,8.95
2364,倫飛電腦實業                  ,201712,2.4
2365,昆盈企業                      ,201712,10.3
2367,燿華電子                      ,201712,23.2
2368,金像電子                      ,201712,10.6
2369,菱生精密工業                  ,201712,15.05
2371,大同                          ,201712,19.2
2373,震旦行                        ,201712,86.3
2374,佳能企業                      ,201712,19.9
2375,智寶電子                      ,201712,43.8
2376,技嘉科技                      ,201712,54
2377,微星科技                      ,201712,76.6
2379,瑞昱半導體                    ,201712,109
2380,虹光精密工業                  ,201712,6.87
2382,廣達電腦                      ,201712,61.9
2383,台光電子材料                  ,201712,101.5
2385,群光電子                      ,201712,75
2387,精元電腦                      ,201712,17.3
2388,威盛電子                      ,201712,10.6
2390,云辰電子開發                  ,201712,11.8
2392,正崴精密工業                  ,201712,50
2393,億光電子工業                  ,201712,44.95
2395,研華                          ,201712,210.5
2397,友通資訊                      ,201712,60.5
2399,映泰                          ,201712,13.15
2401,凌陽科技                      ,201712,16.4
2402,毅嘉科技                      ,201712,16.55
2404,漢唐集成                      ,201712,58.7
2405,浩鑫                          ,201712,20.3
2406,國碩科技工業                  ,201712,16.3
2408,南亞科技                      ,201712,76.2
2409,友達光電                      ,201712,12.4
2412,中華電信                      ,201712,106
2413,環隆科技                      ,201712,21.7
2414,精技電腦                      ,201712,19.6
2415,錩新科技                      ,201712,26.35
2417,圓剛科技                      ,201712,13.6
2419,仲琦科技                      ,201712,21.5
2420,新巨企業                      ,201712,35.85
2421,建準電機工業                  ,201712,52.4
2423,固緯電子實業                  ,201712,22.75
2424,隴華電子                      ,201712,38.5
2425,承啟科技                      ,201712,15.6
2426,鼎元光電科技                  ,201712,15.75
2427,三商電腦                      ,201712,10.05
2428,興勤電子工業                  ,201712,84.2
2429,銘旺科技                      ,201712,10.8
2430,燦坤實業                      ,201712,24.05
2431,聯昌電子企業                  ,201712,15.55
2433,互盛                          ,201712,43.4
2434,統懋半導體                    ,201712,9.29
2436,偉詮電子                      ,201712,29.7
2438,翔耀實業                      ,201712,6.81
2439,美律實業                      ,201712,194.5
2440,太空梭高傳真資訊科技          ,201712,10.3
2441,超豐電子                      ,201712,52.1
2442,新美齊                        ,201712,8.03
2443,新利虹科技                    ,201712,6.2
2444,友旺科技                      ,201712,41.85
2448,晶元光電                      ,201712,45.15
2449,京元電子                      ,201712,30.25
2450,神腦國際企業                  ,201712,50.3
2451,創見資訊                      ,201712,82.7
2453,凌群電腦                      ,201712,15.35
2454,聯發科技                      ,201712,294
2455,全新光電科技                  ,201712,93.1
2456,奇力新電子                    ,201712,98.5
2457,飛宏科技                      ,201712,14.1
2458,義隆電子                      ,201712,46.1
2459,敦吉科技                      ,201712,42.95
2460,建通精密工業                  ,201712,15.6
2461,光群雷射科技                  ,201712,16.4
2462,台灣良得電子                  ,201712,31.1
2464,盟立自動化                    ,201712,48.1
2465,麗臺科技                      ,201712,19.2
2466,冠西電子企業                  ,201712,35.15
2467,志聖工業                      ,201712,27.55
2468,華經資訊企業                  ,201712,11.25
2471,資通電腦                      ,201712,14.65
2472,立隆電子工業                  ,201712,61.5
2474,可成科技                      ,201712,328
2475,中華映管                      ,201712,2.31
2476,鉅祥企業                      ,201712,27
2477,美隆工業                      ,201712,26.4
2478,大毅科技                      ,201712,37.5
2480,敦陽科技                      ,201712,35.7
2481,強茂                          ,201712,30
2482,連宇                          ,201712,12.5
2483,百容電子                      ,201712,24.5
2484,希華晶體科技                  ,201712,21.15
2485,兆赫電子                      ,201712,31.6
2486,一詮精密工業                  ,201712,10.85
2488,漢平電子工業                  ,201712,29.85
2489,瑞軒科技                      ,201712,16.35
2491,吉祥全球實業                  ,201712,7.02
2492,華新科技                      ,201712,105
2493,揚博科技                      ,201712,26.45
2495,普安科技                      ,201712,14.4
2496,卓越成功                      ,201712,169
2497,怡利電子工業                  ,201712,30
2498,宏達國際電子                  ,201712,73.1
2499,東貝光電科技                  ,201712,11.5
2501,國泰建設                      ,201712,16.45
2504,國產建材實業                  ,201712,9.77
2505,國揚實業                      ,201712,17.75
2506,太平洋建設                    ,201712,10.7
2509,全坤建設開發                  ,201712,21.65
2511,太子建設開發                  ,201712,12.05
2514,龍邦國際興業                  ,201712,15.35
2515,中華工程                      ,201712,8.2
2516,新亞建設開發                  ,201712,7.24
2520,冠德建設                      ,201712,20.4
2524,京城建設                      ,201712,22.3
2527,宏璟建設                      ,201712,24.7
2528,皇普建設                      ,201712,19.6
2530,大華建設                      ,201712,15.2
2534,宏盛建設                      ,201712,25.6
2535,達欣工程                      ,201712,18
2536,宏普建設                      ,201712,21.45
2537,聯上開發                      ,201712,8.24
2538,基泰建設                      ,201712,10.3
2539,櫻花建設                      ,201712,28.1
2540,愛山林建設開發                ,201712,21
2542,興富發建設                    ,201712,42.3
2543,皇昌營造                      ,201712,8.25
2545,皇翔建設                      ,201712,30.2
2546,根基營造                      ,201712,20.9
2547,日勝生活科技                  ,201712,12.7
2548,華固建設                      ,201712,69.4
2597,潤弘精密工程事業              ,201712,38
2601,益航                          ,201712,9
2603,長榮海運                      ,201712,16.35
2605,新興航運                      ,201712,21.15
2606,裕民航運                      ,201712,36.5
2607,長榮國際儲運                  ,201712,14.15
2608,嘉里大榮物流                  ,201712,38.25
2609,陽明海運                      ,201712,11.5
2610,中華航空                      ,201712,11.65
2611,志信國際                      ,201712,7.06
2612,中國航運                      ,201712,28.7
2613,中國貨櫃運輸                  ,201712,13.1
2614,東森國際                      ,201712,10.85
2615,萬海航運                      ,201712,19.25
2616,山隆通運                      ,201712,32.2
2617,台灣航業                      ,201712,16.6
2618,長榮航空                      ,201712,15.85
2637,慧洋海運                      ,201712,28.9
2701,萬華企業                      ,201712,13.35
2702,華園飯店                      ,201712,14.3
2704,國賓大飯店                    ,201712,23.25
2705,六福開發                      ,201712,7.95
2706,第一華僑大飯店                ,201712,15.55
2707,晶華國際酒店                  ,201712,154
2722,夏都國際開發                  ,201712,36.6
2723,開曼美食達人                  ,201712,435
2727,王品餐飲                      ,201712,134
2801,彰化商業銀行                  ,201712,16.55
2809,京城商業銀行                  ,201712,37.25
2812,台中商業銀行                  ,201712,9.91
2816,旺旺友聯產物保險              ,201712,20.1
2820,中華票券金融                  ,201712,15.4
2823,中國人壽保險                  ,201712,29.95
2832,台灣產物保險                  ,201712,20.45
2834,臺灣中小企業銀行              ,201712,8.39
2836,高雄銀行                      ,201712,9.22
2838,聯邦商業銀行                  ,201712,9.26
2841,台灣土地開發                  ,201712,10.25
2845,遠東國際商業銀行              ,201712,9.54
2849,安泰商業銀行                  ,201712,13.3
2850,新光產物保險                  ,201712,28.7
2851,中央再保險                    ,201712,17.5
2852,第一產物保險                  ,201712,14.5
2855,統一綜合證券                  ,201712,14.35
2856,元富證券                      ,201712,8.7
2867,三商美邦人壽保險              ,201712,16.2
2880,華南金融控股                  ,201712,16.75
2881,富邦金融控股                  ,201712,50.7
2882,國泰金融控股                  ,201712,53.5
2883,中華開發金融控股              ,201712,10.15
2884,玉山金融控股                  ,201712,18.9
2885,元大金融控股                  ,201712,13.8
2886,兆豐金融控股                  ,201712,24.05
2887,台新金融控股                  ,201712,13.85
2888,新光金融控股                  ,201712,10.5
2889,國票金融控股                  ,201712,9.49
2890,永豐金融控股                  ,201712,9.67
2891,中國信託金融控股              ,201712,20.5
2892,第一金融控股                  ,201712,19.55
2901,欣欣大眾市場                  ,201712,26.4
2903,遠東百貨                      ,201712,15
2904,匯僑                          ,201712,19.55
2905,三商投資控股                  ,201712,25.25
2906,高林實業                      ,201712,11.2
2908,特力                          ,201712,22.9
2910,統領百貨                      ,201712,26.25
2911,麗嬰房                        ,201712,11.8
2912,統一超商                      ,201712,284
2913,台灣農林                      ,201712,15.45
2915,潤泰全球                      ,201712,50.6
2923,鼎固控股                      ,201712,18.35
3002,歐格電子工業                  ,201712,13
3003,健和興端子                    ,201712,63.5
3004,豐達科技                      ,201712,50.6
3005,神基科技                      ,201712,44.2
3006,晶豪科技                      ,201712,42.75
3008,大立光電                      ,201712,4020
3010,華立企業                      ,201712,55.8
3011,今皓實業                      ,201712,7.13
3013,晟銘電子科技                  ,201712,22.35
3014,聯陽半導體                    ,201712,35.55
3015,全漢企業                      ,201712,24.1
3016,嘉晶電子                      ,201712,32.5
3017,奇鋐科技                      ,201712,32.4
3018,同開科技工程                  ,201712,81.2
3019,亞洲光學                      ,201712,96.1
3021,鴻名企業                      ,201712,14.6
3022,威強電工業電腦                ,201712,39.3
3023,信邦電子                      ,201712,86.3
3024,憶聲電子                      ,201712,6.43
3025,星通資訊                      ,201712,19.8
3026,禾伸堂企業                    ,201712,112
3027,盛達電業                      ,201712,10.15
3028,增你強                        ,201712,20.05
3029,零壹科技                      ,201712,20.05
3030,德律科技                      ,201712,44.75
3031,佰鴻工業                      ,201712,17.4
3032,偉訓科技                      ,201712,38.8
3033,威健實業                      ,201712,19.15
3034,聯詠科技                      ,201712,113.5
3035,智原科技                      ,201712,57.9
3036,文曄科技                      ,201712,45.2
3037,欣興電子                      ,201712,16.3
3038,全台晶像                      ,201712,10
3040,遠見科技                      ,201712,47.65
3041,揚智科技                      ,201712,16.95
3042,台灣晶技                      ,201712,39.75
3043,科風                          ,201712,2.4
3044,健鼎科技                      ,201712,93
3045,台灣大哥大                    ,201712,107.5
3046,建碁                          ,201712,16.5
3047,訊舟科技                      ,201712,9.73
3048,益登科技                      ,201712,18.95
3049,和鑫光電                      ,201712,9
3050,鈺德科技                      ,201712,11.4
3051,力特光電科技                  ,201712,5.68
3052,夆典科技開發                  ,201712,8.69
3054,立萬利創新                    ,201712,18.4
3055,蔚華科技                      ,201712,25.05
3056,總太地產開發                  ,201712,19.15
3057,喬鼎資訊                      ,201712,11.05
3058,立德電子                      ,201712,8.91
3059,華晶科技                      ,201712,31.5
3060,銘異科技                      ,201712,26.9
3062,建漢科技                      ,201712,18.15
3090,日電貿                        ,201712,35.5
3094,聯傑國際                      ,201712,25.95
3130,一零四資訊科技                ,201712,163
3149,正達國際光電                  ,201712,19.3
3164,景岳生物科技                  ,201712,23
3189,景碩科技                      ,201712,54.2
3209,全科科技                      ,201712,20.1
3229,晟鈦                          ,201712,18
3231,緯創資通                      ,201712,23.95
3257,虹冠電子                      ,201712,47.9
3296,勝德國際研發                  ,201712,15.65
3305,昇貿科技                      ,201712,26.35
3308,聯德電子                      ,201712,8.44
3311,閎暉實業                      ,201712,18.7
3312,弘憶國際                      ,201712,6.91
3356,奇偶科技                      ,201712,39.05
3376,新日興                        ,201712,75
3380,明泰科技                      ,201712,23.8
3383,新世紀光電                    ,201712,3.44
3406,玉晶光電                      ,201712,269.5
3419,譁裕實業                      ,201712,19.1
3432,台端興業                      ,201712,11.4
3443,創意電子                      ,201712,255
3450,聯鈞光電                      ,201712,129.5
3454,晶睿通訊                      ,201712,96.7
3481,群創光電                      ,201712,12.4
3494,誠研科技                      ,201712,10.6
3501,維熹科技                      ,201712,57.8
3504,揚明光學                      ,201712,50.8
3514,昱晶能源科技                  ,201712,17.8
3515,華擎科技                      ,201712,68.6
3518,柏騰科技                      ,201712,34.7
3519,綠能科技                      ,201712,17.6
3532,台塑勝高科技                  ,201712,96.4
3533,嘉澤端子工業                  ,201712,202
3535,晶彩科技                      ,201712,12.15
3536,誠創科技                      ,201712,22
3545,敦泰電子                      ,201712,31.1
3550,聯穎科技                      ,201712,23.1
3557,嘉威光電科技                  ,201712,10.75
3561,昇陽光電科技                  ,201712,14.9
3576,新日光能源科技                ,201712,13.75
3579,尚志半導體                    ,201712,16
3583,辛耘企業                      ,201712,84.7
3588,通嘉科技                      ,201712,26.4
3591,艾笛森光電                    ,201712,15.4
3593,力銘科技                      ,201712,12.3
3596,智易科技                      ,201712,51.9
3605,宏致電子                      ,201712,25.2
3607,谷崧精密工業                  ,201712,33.4
3617,碩天科技                      ,201712,99.5
3622,洋華光電                      ,201712,20.4
3645,達邁科技                      ,201712,84
3653,健策精密工業                  ,201712,66.7
3665,貿聯控股                      ,201712,278.5
3669,圓展科技                      ,201712,19.7
3673,"TPK Holding Co., Ltd.         ",201712,83.6
3679,新至陞科技                    ,201712,74.4
3686,達能科技                      ,201712,6.83
3694,海華科技                      ,201712,16.75
3698,隆達電子                      ,201712,26.7
3701,大眾全球投資控股              ,201712,7.14
3702,大聯大投資控股                ,201712,39.4
3703,欣陸投資控股                  ,201712,16.25
3704,合勤投資控股                  ,201712,15.25
3705,永信國際投資控股              ,201712,39.9
4104,佳醫健康事業                  ,201712,44.9
4106,雃博                          ,201712,29.95
4108,懷特生技新藥                  ,201712,23.25
4119,旭富製藥科技                  ,201712,57.5
4133,亞諾法生技                    ,201712,39.3
4141,龍燈環球農業科技              ,201712,27.05
4142,國光生物科技                  ,201712,20.2
4144,康聯控股                      ,201712,34.6
4164,承業生醫投資控股              ,201712,35.55
4306,炎洲                          ,201712,14.6
4414,如興                          ,201712,17.7
4426,利勤實業                      ,201712,48.45
4526,東台精機                      ,201712,20.35
4532,瑞智精密                      ,201712,28.65
4722,國精化學                      ,201712,34.6
4725,信昌化學工業                  ,201712,28.4
4737,華廣生技                      ,201712,55.5
4746,台耀化學                      ,201712,69
4904,遠傳電信                      ,201712,73.5
4906,正文科技                      ,201712,25.25
4915,致伸科技                      ,201712,79
4919,新唐科技                      ,201712,64
4930,燦星網通                      ,201712,12.95
4934,太極能源科技                  ,201712,12.95
4935,茂林光電科技 (開曼)           ,201712,45.15
4938,和碩聯合科技                  ,201712,72
4942,嘉彰                          ,201712,23.05
4952,凌通科技                      ,201712,53.9
4956,光鋐科技                      ,201712,21.8
4958,臻鼎科技控股                  ,201712,65.5
4960,奇美材料科技                  ,201712,12.15
4976,佳凌科技                      ,201712,36.6
4984,科納光通                      ,201712,39.45
4999,鑫禾科技                      ,201712,50.2
5007,三星科技                      ,201712,59
5203,訊連科技                      ,201712,66.8
5215,科嘉 (開曼)                   ,201712,26.4
5225,東科控股                      ,201712,29.4
5234,達興材料                      ,201712,67.8
5264,鎧勝控股                      ,201712,102
5269,祥碩科技                      ,201712,364
5305,敦南科技                      ,201712,43.2
5388,中磊電子                      ,201712,84.7
5434,崇越科技                      ,201712,80.9
5469,瀚宇博德                      ,201712,21.65
5471,松翰科技                      ,201712,36.55
5484,慧友電子                      ,201712,4.97
5515,建國工程                      ,201712,11.5
5521,工信工程                      ,201712,16.3
5522,遠雄建設事業                  ,201712,32.1
5525,順天建設                      ,201712,15.95
5531,鄉林建設事業                  ,201712,10.7
5533,皇鼎建設開發                  ,201712,15.95
5534,長虹建設                      ,201712,76.6
5607,遠雄自貿港投資控股            ,201712,16.85
5608,四維航業                      ,201712,9.19
5706,鳳凰國際旅行社                ,201712,34.45
5871,中租控股                      ,201712,86.6
5880,合作金庫金融控股              ,201712,16.6
5906,台南企業 (開曼)               ,201712,8
5907,大洋百貨集團控股              ,201712,22.85
6005,群益金鼎證券                  ,201712,11.6
6108,競國實業                      ,201712,28.2
6112,聚碩科技                      ,201712,29.4
6115,鎰勝工業                      ,201712,43.8
6116,瀚宇彩晶                      ,201712,9.94
6117,迎廣科技                      ,201712,18.05
6120,達運精密工業                  ,201712,37.05
6128,上福全球科技                  ,201712,39.45
6131,悠克國際                      ,201712,18.5
6133,金橋科技                      ,201712,10.35
6136,富爾特科技                    ,201712,23.9
6139,亞翔工程                      ,201712,34
6141,柏承科技                      ,201712,17
6142,友勁科技                      ,201712,7.92
6145,勁永國際                      ,201712,12.25
6152,百一電子                      ,201712,8.48
6153,嘉聯益科技                    ,201712,40.05
6155,鈞寶電子工業                  ,201712,19.75
6164,華興電子工業                  ,201712,13.05
6165,捷泰精密工業                  ,201712,34
6166,凌華科技                      ,201712,64
6168,宏齊科技                      ,201712,19.65
6172,互億科技                      ,201712,10.05
6176,瑞儀光電                      ,201712,70.7
6183,關貿網路                      ,201712,31.2
6184,大豐有線電視                  ,201712,34.25
6189,豐藝電子                      ,201712,28.05
6191,精成科技                      ,201712,13.5
6192,巨路國際                      ,201712,55.9
6196,帆宣系統科技                  ,201712,39
6197,佳必琪國際                    ,201712,31.5
6201,亞弘電科技                    ,201712,29.1
6202,盛群半導體                    ,201712,68.8
6205,詮欣                          ,201712,31.1
6206,飛捷科技                      ,201712,81.9
6209,今國光學工業                  ,201712,34.8
6213,聯茂電子                      ,201712,65.3
6214,精誠資訊                      ,201712,59.3
6215,和椿科技                      ,201712,19.5
6216,居易科技                      ,201712,28.55
6224,聚鼎科技                      ,201712,56.8
6225,天瀚科技                      ,201712,3.32
6226,光鼎電子                      ,201712,10.1
6230,超眾科技                      ,201712,98.3
6235,華孚科技                      ,201712,21.35
6239,力成科技                      ,201712,88
6243,迅杰科技                      ,201712,18.4
6251,定穎電子                      ,201712,11.8
6257,矽格                          ,201712,32.95
6269,台郡科技                      ,201712,106.5
6271,同欣電子工業                  ,201712,135
6277,宏正自動科技                  ,201712,84
6278,台灣表面黏著科技              ,201712,35.2
6281,全國電子                      ,201712,62
6282,康舒科技                      ,201712,22.25
6283,淳安電子                      ,201712,49.1
6285,啟碁科技                      ,201712,85.5
6289,華上光電                      ,201712,2.14
6504,南六企業                      ,201712,154.5
6505,台塑石化                      ,201712,115.5
6605,帝寶工業                      ,201712,90.1
8011,台通光電                      ,201712,19.4
8016,矽創電子                      ,201712,83.6
8021,尖點科技                      ,201712,21.5
8033,雷虎科技                      ,201712,11.85
8039,台虹科技                      ,201712,59.8
8046,南亞電路板                    ,201712,26.1
8070,長華電材                      ,201712,144
8072,陞泰科技                      ,201712,21.6
8081,致新科技                      ,201712,67.4
8101,華冠通訊                      ,201712,3.91
8103,瀚荃                          ,201712,31.4
8105,凌巨科技                      ,201712,19
8110,華東科技                      ,201712,16.1
8112,至上電子                      ,201712,29.9
8114,振樺電子                      ,201712,136.5
8131,福懋科技                      ,201712,31.45
8163,達方電子                      ,201712,29.65
8201,無敵科技                      ,201712,13.3
8210,勤誠興業                      ,201712,42.9
8213,志超科技                      ,201712,31.85
8215,明基材料                      ,201712,20
8249,菱光科技                      ,201712,25.9
8261,富鼎先進電子                  ,201712,31.7
8271,宇瞻科技                      ,201712,38.6
8374,羅昇企業                      ,201712,28.85
8404,百和興業                      ,201712,61.2
8411,福貞控股                      ,201712,25.95
8422,可寧衛                        ,201712,175
8427,基勝 (開曼) 控股              ,201712,44.6
8429,金麗集團控股                  ,201712,23.85
8926,台灣汽電共生                  ,201712,26.75
8940,新天地國際實業                ,201712,13.65
9802,鈺齊國際                      ,201712,71
9902,台火開發                      ,201712,10.6
9904,寶成工業                      ,201712,38.55
9905,大華金屬工業                  ,201712,25.15
9906,欣巴巴事業                    ,201712,16
9907,統一實業                      ,201712,13.95
9908,大台北區瓦斯                  ,201712,26.7
9910,豐泰企業                      ,201712,135.5
9911,台灣櫻花                      ,201712,37.65
9912,偉聯科技                      ,201712,8.02
9914,美利達工業                    ,201712,125
9917,中興保全                      ,201712,91.6
9918,欣欣天然氣                    ,201712,32.2
9919,康那香企業                    ,201712,12.6
9921,巨大機械工業                  ,201712,163.5
9924,台灣福興工業                  ,201712,37.6
9925,台灣新光保全                  ,201712,38.65
9926,新海瓦斯                      ,201712,40.65
9927,泰銘實業                      ,201712,39.2
9928,中國電視事業                  ,201712,5.1
9929,秋雨創新                      ,201712,11.6
9930,中聯資源                      ,201712,59
9931,欣高石油氣                    ,201712,31.3
9933,中鼎工程                      ,201712,45.15
9934,成霖企業                      ,201712,22.1
9935,慶豐富實業                    ,201712,25.15
9937,全國加油站                    ,201712,39.4
9938,台灣百和工業                  ,201712,121
9939,宏全國際                      ,201712,57.5
9940,信義房屋仲介                  ,201712,38.9
9941,裕融企業                      ,201712,110
9942,茂順密封元件科技              ,201712,90
9943,好樂迪                        ,201712,52.5
9944,新麗企業                      ,201712,19.6
9945,潤泰創新國際                  ,201712,31.95
9955,佳龍科技工程                  ,201712,15.1
9958,世紀鋼鐵結構                  ,201712,21.2
